"Pair_Number","State1","State2","State1_Category","State2_Category","State1_Ratio","State2_Ratio","State1_Count_1870","State2_Count_1870","Smaller_to_Bigger_Ratio","Smaller_Ratio_State","Bigger_Ratio_State"
1,"MINNESOTA","LOUISIANA","Developmentally Disabled","Mentally Ill",0.17910447761194,0.374722838137472,134,451,0.297117516629712,"MINNESOTA","LOUISIANA"
2,"MINNESOTA","WISCONSIN","Developmentally Disabled","Developmentally Disabled",0.17910447761194,0.452678571428571,134,560,0.239285714285714,"MINNESOTA","WISCONSIN"
3,"MINNESOTA","IOWA","Developmentally Disabled","Developmentally Disabled",0.17910447761194,0.549718574108818,134,533,0.25140712945591,"MINNESOTA","IOWA"
4,"MINNESOTA","SOUTH CAROLINA","Developmentally Disabled","Mentally Ill",0.17910447761194,0.951951951951952,134,333,0.402402402402402,"MINNESOTA","SOUTH CAROLINA"
5,"MINNESOTA","TENNESSEE","Developmentally Disabled","Mentally Ill",0.17910447761194,0.691891891891892,134,925,0.144864864864865,"MINNESOTA","TENNESSEE"
6,"MINNESOTA","GEORGIA","Developmentally Disabled","Mentally Ill",0.17910447761194,0.774447949526814,134,634,0.211356466876972,"MINNESOTA","GEORGIA"
7,"MINNESOTA","KENTUCKY","Developmentally Disabled","Developmentally Disabled",0.17910447761194,0.877300613496933,134,1141,0.117440841367222,"MINNESOTA","KENTUCKY"
8,"MINNESOTA","MAINE","Developmentally Disabled","Developmentally Disabled",0.17910447761194,0.872222222222222,134,628,0.213375796178344,"MINNESOTA","MAINE"
9,"MINNESOTA","MISSOURI","Developmentally Disabled","Mentally Ill",0.17910447761194,0.60965954077593,134,1263,0.106096595407759,"MINNESOTA","MISSOURI"
10,"LOUISIANA","WISCONSIN","Mentally Ill","Developmentally Disabled",0.374722838137472,0.452678571428571,451,560,0.805357142857143,"LOUISIANA","WISCONSIN"
11,"LOUISIANA","IOWA","Mentally Ill","Developmentally Disabled",0.374722838137472,0.549718574108818,451,533,0.846153846153846,"LOUISIANA","IOWA"
12,"LOUISIANA","SOUTH CAROLINA","Mentally Ill","Mentally Ill",0.374722838137472,0.951951951951952,451,333,0.738359201773836,"SOUTH CAROLINA","LOUISIANA"
13,"LOUISIANA","TENNESSEE","Mentally Ill","Mentally Ill",0.374722838137472,0.691891891891892,451,925,0.487567567567568,"LOUISIANA","TENNESSEE"
14,"LOUISIANA","GEORGIA","Mentally Ill","Mentally Ill",0.374722838137472,0.774447949526814,451,634,0.711356466876972,"LOUISIANA","GEORGIA"
15,"LOUISIANA","KENTUCKY","Mentally Ill","Developmentally Disabled",0.374722838137472,0.877300613496933,451,1141,0.395267309377739,"LOUISIANA","KENTUCKY"
16,"LOUISIANA","MAINE","Mentally Ill","Developmentally Disabled",0.374722838137472,0.872222222222222,451,628,0.718152866242038,"LOUISIANA","MAINE"
17,"LOUISIANA","MISSOURI","Mentally Ill","Mentally Ill",0.374722838137472,0.60965954077593,451,1263,0.357086302454473,"LOUISIANA","MISSOURI"
18,"WISCONSIN","IOWA","Developmentally Disabled","Developmentally Disabled",0.452678571428571,0.549718574108818,560,533,0.951785714285714,"IOWA","WISCONSIN"
19,"WISCONSIN","SOUTH CAROLINA","Developmentally Disabled","Mentally Ill",0.452678571428571,0.951951951951952,560,333,0.594642857142857,"SOUTH CAROLINA","WISCONSIN"
20,"WISCONSIN","TENNESSEE","Developmentally Disabled","Mentally Ill",0.452678571428571,0.691891891891892,560,925,0.605405405405405,"WISCONSIN","TENNESSEE"
21,"WISCONSIN","GEORGIA","Developmentally Disabled","Mentally Ill",0.452678571428571,0.774447949526814,560,634,0.883280757097792,"WISCONSIN","GEORGIA"
22,"WISCONSIN","KENTUCKY","Developmentally Disabled","Developmentally Disabled",0.452678571428571,0.877300613496933,560,1141,0.49079754601227,"WISCONSIN","KENTUCKY"
23,"WISCONSIN","MAINE","Developmentally Disabled","Developmentally Disabled",0.452678571428571,0.872222222222222,560,628,0.89171974522293,"WISCONSIN","MAINE"
24,"WISCONSIN","MISSOURI","Developmentally Disabled","Mentally Ill",0.452678571428571,0.60965954077593,560,1263,0.443388756927949,"WISCONSIN","MISSOURI"
25,"IOWA","SOUTH CAROLINA","Developmentally Disabled","Mentally Ill",0.549718574108818,0.951951951951952,533,333,0.624765478424015,"SOUTH CAROLINA","IOWA"
26,"IOWA","TENNESSEE","Developmentally Disabled","Mentally Ill",0.549718574108818,0.691891891891892,533,925,0.576216216216216,"IOWA","TENNESSEE"
27,"IOWA","GEORGIA","Developmentally Disabled","Mentally Ill",0.549718574108818,0.774447949526814,533,634,0.840694006309148,"IOWA","GEORGIA"
28,"IOWA","KENTUCKY","Developmentally Disabled","Developmentally Disabled",0.549718574108818,0.877300613496933,533,1141,0.467134092900964,"IOWA","KENTUCKY"
29,"IOWA","MAINE","Developmentally Disabled","Developmentally Disabled",0.549718574108818,0.872222222222222,533,628,0.848726114649682,"IOWA","MAINE"
30,"IOWA","MISSOURI","Developmentally Disabled","Mentally Ill",0.549718574108818,0.60965954077593,533,1263,0.422011084718923,"IOWA","MISSOURI"
31,"SOUTH CAROLINA","TENNESSEE","Mentally Ill","Mentally Ill",0.951951951951952,0.691891891891892,333,925,0.36,"SOUTH CAROLINA","TENNESSEE"
32,"SOUTH CAROLINA","GEORGIA","Mentally Ill","Mentally Ill",0.951951951951952,0.774447949526814,333,634,0.525236593059937,"SOUTH CAROLINA","GEORGIA"
33,"SOUTH CAROLINA","KENTUCKY","Mentally Ill","Developmentally Disabled",0.951951951951952,0.877300613496933,333,1141,0.291849255039439,"SOUTH CAROLINA","KENTUCKY"
34,"SOUTH CAROLINA","MAINE","Mentally Ill","Developmentally Disabled",0.951951951951952,0.872222222222222,333,628,0.530254777070064,"SOUTH CAROLINA","MAINE"
35,"SOUTH CAROLINA","MISSOURI","Mentally Ill","Mentally Ill",0.951951951951952,0.60965954077593,333,1263,0.263657957244656,"SOUTH CAROLINA","MISSOURI"
36,"TENNESSEE","GEORGIA","Mentally Ill","Mentally Ill",0.691891891891892,0.774447949526814,925,634,0.685405405405405,"GEORGIA","TENNESSEE"
37,"TENNESSEE","KENTUCKY","Mentally Ill","Developmentally Disabled",0.691891891891892,0.877300613496933,925,1141,0.810692375109553,"TENNESSEE","KENTUCKY"
38,"TENNESSEE","MAINE","Mentally Ill","Developmentally Disabled",0.691891891891892,0.872222222222222,925,628,0.678918918918919,"MAINE","TENNESSEE"
39,"TENNESSEE","MISSOURI","Mentally Ill","Mentally Ill",0.691891891891892,0.60965954077593,925,1263,0.732383214568488,"TENNESSEE","MISSOURI"
40,"GEORGIA","KENTUCKY","Mentally Ill","Developmentally Disabled",0.774447949526814,0.877300613496933,634,1141,0.555652936021034,"GEORGIA","KENTUCKY"
41,"GEORGIA","MAINE","Mentally Ill","Developmentally Disabled",0.774447949526814,0.872222222222222,634,628,0.990536277602524,"MAINE","GEORGIA"
42,"GEORGIA","MISSOURI","Mentally Ill","Mentally Ill",0.774447949526814,0.60965954077593,634,1263,0.501979414093428,"GEORGIA","MISSOURI"
43,"KENTUCKY","MAINE","Developmentally Disabled","Developmentally Disabled",0.877300613496933,0.872222222222222,1141,628,0.550394390885188,"MAINE","KENTUCKY"
44,"KENTUCKY","MISSOURI","Developmentally Disabled","Mentally Ill",0.877300613496933,0.60965954077593,1141,1263,0.903404592240697,"KENTUCKY","MISSOURI"
45,"MAINE","MISSOURI","Developmentally Disabled","Mentally Ill",0.872222222222222,0.60965954077593,628,1263,0.4972288202692,"MAINE","MISSOURI"
